{
	"format_version": "1.12.0",
	"minecraft:geometry": [
		{
			"description": {
				"identifier": "geometry.player_wyvern_egg",
				"texture_width": 16,
				"texture_height": 16,
				"visible_bounds_width": 3,
				"visible_bounds_height": 2.5,
				"visible_bounds_offset": [0, 0.75, 0]
			},
			"bones": [
				{
					"name": "rightitem",
					"pivot": [0, 0, 0],
					"cubes": [
						{
							"origin": [-3, 13, -3],
							"size": [6, 2, 6],
							"uv": {
								"north": {"uv": [1.56364, 3.6], "uv_size": [1.30909, 0.69091]},
								"east": {"uv": [1.6, 7.85455], "uv_size": [1.30909, 0.83636]},
								"south": {"uv": [1.45455, 5.63636], "uv_size": [1.30909, 0.83636]},
								"west": {"uv": [1.56364, 3.6], "uv_size": [1.30909, 0.69091]},
								"up": {"uv": [1.56364, 5.05455], "uv_size": [1.16364, 3.63636]},
								"down": {"uv": [1.41818, 5.49091], "uv_size": [1.30909, -0.87273]}
							}
						},
						{
							"origin": [-4, 11, -4],
							"size": [8, 2, 8],
							"uv": {
								"north": {"uv": [1.56364, 3.6], "uv_size": [1.30909, 0.69091]},
								"east": {"uv": [1.6, 7.85455], "uv_size": [1.30909, 0.83636]},
								"south": {"uv": [1.45455, 5.63636], "uv_size": [1.30909, 0.83636]},
								"west": {"uv": [1.56364, 3.6], "uv_size": [1.30909, 0.69091]},
								"up": {"uv": [1.56364, 5.05455], "uv_size": [1.16364, 3.63636]},
								"down": {"uv": [1.41818, 5.49091], "uv_size": [1.30909, -0.87273]}
							}
						},
						{
							"origin": [-4, 0, -4],
							"size": [8, 2, 8],
							"uv": {
								"north": {"uv": [0, 4.18182], "uv_size": [1.45455, 0.69091]},
								"east": {"uv": [0, 6.54545], "uv_size": [1.45455, 0.83636]},
								"south": {"uv": [0, 5.63636], "uv_size": [1.45455, 0.83636]},
								"west": {"uv": [0, 4.90909], "uv_size": [1.45455, 0.69091]},
								"up": {"uv": [0.14545, 5.05455], "uv_size": [1.16364, 3.63636]},
								"down": {"uv": [0.14545, 8.69091], "uv_size": [1.16364, -3.63636]}
							}
						},
						{
							"origin": [-5, 2, -5],
							"size": [10, 9, 10],
							"uv": {
								"north": {"uv": [4.50909, 0.14545], "uv_size": [1.85455, 2.4]},
								"east": {"uv": [4.50909, 0.14545], "uv_size": [1.85455, 2.4]},
								"south": {"uv": [4.50909, 0.14545], "uv_size": [1.85455, 2.4]},
								"west": {"uv": [4.50909, 0.14545], "uv_size": [1.85455, 2.4]},
								"up": {"uv": [1.45455, 2.76364], "uv_size": [1.41818, 2.43636]},
								"down": {"uv": [0, 5.2], "uv_size": [1.41818, -2.43636]}
							}
						}
					]
				}
			]
		}
	]
}