{"format_version":"1.8.0","animations":{"animation.ak47.item":{"loop":true,"bones":{"acog":{"position":[0,4.1,-3]},"eotech":{"position":[0,4,-4]},"scope":{"position":[0,4,-4]},"silencer":{"position":[0,1.8,-36.6]},"gun":{"rotation":[90,0,0],"position":[-5.5,13.8,-1.5],"scale":0.6}}},"animation.ak47.fpp_ads":{"loop":true,"bones":{"waist":{"rotation":["v.sight?-0.2:0.4",0,0],"position":[3.03,"v.sight?0.65:1.55",0]}}},"animation.ak47.fpp_draw":{"loop":"hold_on_last_frame","animation_length":0.58333,"anim_time_update":"q.anim_time+q.delta_time*0.6","bones":{"body":{"rotation":{"0.0":[0,0,0],"0.0833":[0,0,50],"0.3333":[0,0,50],"0.5833":[0,0,0]},"position":{"0.0":[0,0,0],"0.0833":[-1,-4,0],"0.3333":[-1,-4,0],"0.5833":[0,0,0]}},"waist":{"rotation":{"0.0833":[0,0,0],"0.125":[0,-2,0],"0.2083":[0,0,0],"0.25":[0,0,-2],"0.3333":[0,2,2],"0.4583":[0,0,0],"0.5":[2,0,0],"0.5833":[0,0,0]},"position":{"0.2917":[0,0,0],"0.3333":[0,0,1],"0.4583":[0,0,0]}},"rightArmExtra":{"rotation":{"0.0":[0,0,0],"0.0833":[-16,-14,4],"0.1667":[-16,-14,4],"0.2917":[-5.37393,-14.24778,1.43475],"0.375":[-5.37,-14.25,1.43],"0.5833":[0,0,0]},"position":{"0.0":[0,0,0],"0.0833":[-2,-2,0],"0.1667":[-2,-2,0],"0.2917":[-2,-1,0],"0.375":[-2,-1,0],"0.5833":[0,0,0]}},"lock":{"rotation":{"0.0":[-30,0,0],"0.0833":[-30,0,0],"0.1667":[-30,0,0],"0.2917":[0,0,0]}}}},"animation.ak47.fpp_hold":{"loop":"hold_on_last_frame","animation_length":2,"anim_time_update":"q.anim_time+q.delta_time*0.1","bones":{"root":{"rotation":[0,180,0]},"leftArm":{"rotation":[-120,22,-22],"position":[-4.25,"v.grip?-4:-3.25",-7]},"rightArm":{"rotation":[-90,0,0],"position":[2.5,-1,3]},"body":{"rotation":["q.is_sneaking?0:math.sin(q.anim_time-q.life_time*100)*0.2","q.is_sneaking?0:math.cos(q.anim_time-q.life_time*200)*0.4","q.is_sneaking?0:math.cos(q.anim_time-q.life_time*80)*0.4"]}}},"animation.ak47.fpp_inspect":{"animation_length":1.25,"anim_time_update":"q.anim_time+q.delta_time*0.4","bones":{"body":{"rotation":{"0.0":[0,0,0],"0.125":[-17.5,-18.2,-35.8],"0.1875":[-17.5,-18.2,-38.2],"0.25":[-17.5,-18.2,-32.7],"0.3125":[-17.5,-18.2,-38.2],"0.5":[-17.5,-18.2,-38.2],"0.6875":[-26,-3,40.5],"0.75":[-26,-3,38],"0.8125":[-23.5,-3,45.5],"0.875":[-26,-3,38],"1.125":[-26,-3,38],"1.1875":[0,0,-2.5],"1.25":[0,0,0]},"position":{"0.0":[0,0,0],"0.125":[0,1,0],"0.1875":[0,0,0],"0.5":[0,0,0],"0.6875":[0,-3,0],"0.75":[0,-4,0],"1.125":[0,-4,0],"1.1875":[0,-1,2],"1.25":[0,0,0]}},"leftArm":{"rotation":{"0.0":[0,0,0],"0.1875":[40,10,50],"0.5":[40,10,50],"0.6875":[0,0,0],"1.125":[0,0,0],"1.25":[0,0,0]},"position":{"0.0":[0,0,0],"0.1875":[0,-19,0],"0.5":[0,-19,0],"0.6875":[0,0,0]}}},"sound_effects":{"0.0":{"effect":"gun_inspect_0"},"0.125":{"effect":"gun_inspect_1"},"0.6875":{"effect":"gun_inspect_2"},"1.125":{"effect":"gun_inspect_3"}}},"animation.ak47.fpp_reload":{"loop":"hold_on_last_frame","animation_length":2.2917,"bones":{"root":{"rotation":[0,180,0]},"waist":{"rotation":{"0.2083":[0,0,0],"0.25":[2,0,0],"0.375":[0,0,0],"1.25":[0,0,0],"1.2917":[0,0.25,0],"1.375":[0,0,0]},"position":{"0.2083":[0,0,0],"0.25":[0,-0.25,0],"0.375":[0,0,0],"1.25":[0,0,0],"1.2917":[0,0.25,0],"1.375":[0,0,0],"1.7917":[0,0,0],"1.875":[0,0,2],"1.9583":[0,0,0]}},"leftArm":{"rotation":{"0.0":[-120,22,-22],"0.1667":[-100,30,0],"1.625":[-100,30,34],"1.7917":[-164,16,-8],"1.875":[-176.5,16,-8],"2.0":[-164,16,-8],"2.125":[-139,16,-8],"2.25":[-120,22,-22]},"position":{"0.0":[-4.25,"v.grip?-4:-3.25",-7],"0.0833":[-5,-5,-1],"0.25":[-5,-5,-1],"0.5":[-5,-15,-1],"0.5417":[-5,-16.8,-1],"1.0417":[-5,-16.8,-1],"1.25":[-5,-6.8,-1],"1.3333":[-5,-6.4,-1],"1.4583":[-5,-6.8,-1],"1.625":[-8,-7,-7],"1.7083":[-10.5,-6.5,-7.5],"1.7917":[-11,-6,-8],"1.875":[-11,-6,-8],"2.0":[-11,-6,-8],"2.125":[-11,-9,-8],"2.25":[-4.25,"v.grip?-4:-3.25",-7]}},"rightArm":{"rotation":[-90,0,0],"position":[2.5,-1,3]},"mag":{"position":{"0.25":[0,0,0],"0.5":[0,-17,0],"0.5417":[0,-19.72,0],"1.0417":[0,-18.72,0],"1.25":[0,0,0]}},"pullBack":{"position":{"1.7917":[0,0,0],"1.9583":[0,0,3.5],"2.0833":[0,0,0]}},"body":{"rotation":{"0.0":[0,0,0],"0.0833":[0,0,"math.cos(q.anim_time*300)*10-12"],"0.375":[0,0,-6],"0.5833":[-15,0,"math.cos(q.anim_time*400)*4"],"1.4583":[-15,0,5],"1.6667":[0,-20,"math.cos(q.anim_time*300)*10-60"],"2.125":[0,-20,-60],"2.25":[0,0,0]},"position":{"0.375":[0,0,0],"0.4583":[0,1,0],"0.5417":[0,0,0]}},"bullet_0":{"scale":{"0.0":[0,0,0],"0.7083":[0,0,0],"0.75":[1,1,1]}}},"sound_effects":{"0.25":{"effect":"ak47_magout"},"0.7083":{"effect":"gun_draw"},"1.25":{"effect":"ak47_magin"},"1.8333":{"effect":"ak47_pullback"},"2.0":{"effect":"ak47_pullforward"}}},"animation.ak47.fpp_run":{"loop":true,"bones":{"waist":{"rotation":["-33+math.sin(q.anim_time*500)*6.25",-46,30],"position":["-8+math.sin(q.anim_time*500)","-3+math.sin(q.anim_time*1000)",-4]}}},"animation.ak47.fire":{"animation_length":0.4167,"blend_weight":"q.is_in_ui ? 0 : 1","bones":{"waist":{"rotation":{"0.0":["(q.is_sneaking||v.grip)?math.random(-0.1,0.1):math.random(-1,1)","math.random(-0.05,0.05)","math.random(-0.05,0.05)"],"0.0417":[0,0,0]},"position":{"0.0":[0,0,"v.is_first_person?((q.is_sneaking||v.grip)?1:math.random(2,4)):math.random(0.2,0.4)"],"0.1667":[0,0,0]}},"sight":{"rotation":{"0.0":["-0.5","math.random(-0.05,0.05)","math.random(-0.05,0.05)"],"0.125":[0,0,0]},"position":{"0.0":[0,0,-1],"0.2083":[0,0,0]}},"trigger":{"position":{"0.0":[0,0,1],"0.1667":[0,0,0]}},"body":{"rotation":{"0.0":[0,0,0],"0.1667":[0,"(q.is_sneaking||v.grip)?0.5:2",0],"0.2917":[0,"(q.is_sneaking||v.grip)?-0.5:-2",0],"0.375":[0,0,0]}},"pullBack":{"position":{"0.0":[0,0,3.5],"0.125":[0,0,0]}}},"sound_effects":{"0.0417":{"effect":"bullet_eject_762mm"},"0.3333":{"effect":"bullet_bounce_556mm"}},"particle_effects":{"0.0":[{"effect":"muzzle_flash","locator":"ak47_muzzle"},{"effect":"muzzle_lensflare","locator":"ak47_muzzle"},{"effect":"muzzle_smoke_0","locator":"ak47_muzzle"},{"effect":"casing_medium","locator":"ak47_case"}],"0.375":{"effect":"muzzle_hot","locator":"ak47_muzzle"}}},"animation.ak47.fire.silenced":{"animation_length":0.4167,"bones":{"waist":{"rotation":{"0.0":["(q.is_sneaking||v.grip)?math.random(-0.1,0.1):math.random(-1,1)","math.random(-0.05,0.05)","math.random(-0.05,0.05)"],"0.0417":[0,0,0]},"position":{"0.0":[0,0,"v.is_first_person?((q.is_sneaking||v.grip)?1:math.random(2,4)):math.random(0.2,0.4)"],"0.1667":[0,0,0]}},"sight":{"rotation":{"0.0":["-0.5","math.random(-0.05,0.05)","math.random(-0.05,0.05)"],"0.125":[0,0,0]},"position":{"0.0":[0,0,-1],"0.2083":[0,0,0]}},"trigger":{"position":{"0.0":[0,0,1],"0.1667":[0,0,0]}},"body":{"rotation":{"0.0":[0,0,0],"0.1667":[0,"(q.is_sneaking||v.grip)?0.5:2",0],"0.2917":[0,"(q.is_sneaking||v.grip)?-0.5:-2",0],"0.375":[0,0,0]}},"pullBack":{"position":{"0.0":[0,0,3.5],"0.125":[0,0,0]}}},"sound_effects":{"0.0417":{"effect":"bullet_eject_762mm"},"0.3333":{"effect":"bullet_bounce_556mm"}},"particle_effects":{"0.0":[{"effect":"muzzle_smoke_0","locator":"silencer_muzzle"},{"effect":"casing_medium","locator":"ak47_case"}],"0.375":{"effect":"muzzle_hot","locator":"silencer_muzzle"}}}}}