{
	"format_version": "1.8.0",
	"animations": {
		"animation.celacanto.setup": {
			"loop": true,
			"override_previous_animation": true,
			"bones": {
				"Cuerpo": {
					"rotation": [0, 10, 12.5]
				},
				"Cabeza": {
					"rotation": [0, 0, -7.5]
				},
				"Ptc2": {
					"rotation": [-2.20462, -12.3071, 10.23772]
				},
				"Ptc3": {
					"rotation": [-4.11405, -22.13991, 10.80524]
				},
				"Ptc4": {
					"rotation": [-6.8817, -24.09293, 16.47027]
				},
				"Aleta_c2": {
					"rotation": [0, 0, 20]
				},
				"Aleta_t1": {
					"rotation": [0, 0, 20]
				},
				"Aleta_t2": {
					"rotation": [0, 0, 17.5]
				},
				"Aletapc1": {
					"rotation": [0, 0, 15]
				},
				"Aletapc2": {
					"rotation": [0, 0, -25]
				}
			}
		},
		"animation.celacanto.move": {
			"loop": true,
			"animation_length": 1.75,
			"override_previous_animation": true,
			"bones": {
				"Cuerpo": {
					"position": {
						"0.0": [0, 0, 0],
						"1.0": [0, 0.3, 0],
						"1.75": [0, 0, 0]
					}
				},
				"Cabeza": {
					"rotation": {
						"0.1667": [0, -10, 0],
						"1.0": [0, 10, 0],
						"1.75": [0, -10, 0]
					}
				},
				"Ptc2": {
					"rotation": {
						"0.0833": [0, 7.5, 0],
						"1.0": [0, -7.5, 0],
						"1.75": [0, 7.5, 0]
					}
				},
				"Ptc3": {
					"rotation": {
						"0.1667": [0, 10, 0],
						"1.0": [0, -10, 0],
						"1.75": [0, 10, 0]
					}
				},
				"Ptc4": {
					"rotation": {
						"0.0833": [0, 12.5, 0],
						"1.0": [0, -12.5, 0],
						"1.75": [0, 12.5, 0]
					}
				},
				"Aleta_c1": {
					"rotation": {
						"0.0": [0, 0, 12.5],
						"1.0": [0, 0, -12.5],
						"1.75": [0, 0, 12.5]
					}
				},
				"Aleta_c2": {
					"rotation": {
						"0.0": [0, 0, -12.5],
						"1.0": [0, 0, 10],
						"1.75": [0, 0, -12.5]
					}
				}
			}
		},
		"animation.celacanto.out": {
			"loop": true,
			"animation_length": 1.75,
			"override_previous_animation": true,
			"bones": {
				"Cuerpo": {
					"position": [0, -6, 0]
				},
				"Cabeza": {
					"rotation": {
						"0.1667": [15, 0, 0],
						"1.0": [10, 0, 0],
						"1.75": [15, 0, 0]
					}
				},
				"Ptc2": {
					"rotation": {
						"0.0833": [-5.019, 4.98093, -0.43688],
						"0.6667": [-5.00534, -2.49103, 0.21623],
						"1.75": [-5.02, 4.98, -0.44]
					}
				},
				"Ptc3": {
					"rotation": {
						"0.1667": [7.56397, 7.43547, 0.98448],
						"0.6667": [7.50464, -2.47594, -0.32879],
						"1.25": [7.63087, -9.52814, -1.27309],
						"1.75": [7.56, 7.44, 0.98]
					}
				},
				"Ptc4": {
					"rotation": {
						"0.25": [-17.75313, 9.53274, -3.03513],
						"0.6667": [-17.56102, -4.76982, 1.50363],
						"1.25": [-18.00314, -11.35691, 3.65124],
						"1.75": [-17.75, 9.53, -3.04]
					}
				},
				"Aleta_c1": {
					"rotation": {
						"0.0": [-42.5, 0, 0],
						"1.0": [-41.15088, -11.72145, -13.0867],
						"1.75": [-42.5, 0, 0]
					}
				},
				"Aleta_c2": {
					"rotation": [44.05267, -3.98354, 7.07906]
				},
				"Aleta_t1": {
					"rotation": [35, 0, 0]
				},
				"Aleta_t2": {
					"rotation": [42.5, 0, 0]
				},
				"Aletapc1": {
					"rotation": [0, 0, 70]
				},
				"Aletapc2": {
					"rotation": [0, 0, -70]
				},
				"Aleta_d": {
					"rotation": [-30, 0, 0]
				}
			}
		}
	}
}