{
	"format_version": "1.8.0",
	"animations": {
		"animation.fertile_dodo_egg.spawn": {
			"loop": false,
			"animation_length": 1,
			"override_previous_animation": true,
			"bones": {
				"Huevo": {
					"rotation": {
						"0.25": [30, 0, 0],
						"0.75": [-20, 0, 0],
						"1.0": [0, 0, 0]
					},
					"position": {
						"0.0": [0, 0, 0],
						"0.5": [0, 2, 0],
						"1.0": [0, 0, 0]
					},
					"scale": {
						"0.0": [0, 1, 0],
						"1.0": [1, 1, 1]
					}
				},
				"Centro": {
					"rotation": {
						"0.0": [0, 0, 0],
						"0.6667": [0, 0, -17.5],
						"0.8333": [0, 0, 14.17],
						"1.0": [0, 0, 0]
					},
					"position": {
						"0.0": [0, -3, 0],
						"0.6667": [0, 1.5, 0],
						"1.0": [0, 0, 0]
					},
					"scale": {
						"0.0": [0, 0.9, 0],
						"0.3333": [0.3, 0.95, 0.3],
						"0.6667": [1, 1, 1],
						"1.0": [1, 1, 1]
					}
				},
				"Ld1": {
					"rotation": {
						"0.0": [0, 0, 0],
						"0.5": [15.22074, 9.65594, 2.61298],
						"0.6667": [0.14652, -3.56268, 1.71638],
						"0.8333": [5.07359, 5.71866, 0.8678],
						"1.0": [0, 0, 0]
					},
					"position": {
						"0.0": [0, -3, 0],
						"0.5": [0, 2.5, 0],
						"1.0": [0, 0, 0]
					},
					"scale": {
						"0.0": [0, 0.3, 0],
						"0.5": [0.7, 0.6, 0.5],
						"1.0": [1, 1, 1]
					}
				},
				"Ld2": {
					"rotation": {
						"0.0": [0, 0, 0],
						"0.5": [0, -12.5, -12.5],
						"0.6667": [0.90335, 4.06773, 4.19875],
						"0.8333": [0.18386, -7.92454, -5.43729],
						"1.0": [0, 0, 0]
					},
					"position": {
						"0.0": [0, -3, 0],
						"0.5": [0, 1.5, 0],
						"1.0": [0, 0, 0]
					},
					"scale": {
						"0.0": [0, 0.4, 0],
						"1.0": [1, 1, 1]
					}
				},
				"Ld3": {
					"rotation": {
						"0.0": [0, 0, 0],
						"0.5": [0, 7.5, 15],
						"0.6667": [1.95155, -7.24305, -5.12353],
						"0.8333": [0.49319, 1.28195, 4.99612],
						"1.0": [0, 0, 0]
					},
					"position": {
						"0.0": [0, -3, 0],
						"0.5": [0, 1.5, 0],
						"1.0": [0, 0, 0]
					},
					"scale": {
						"0.0": [0, 1, 0],
						"1.0": [1, 1, 1]
					}
				},
				"Ld4": {
					"rotation": {
						"0.0": [0, 0, 0],
						"0.5": [-18.07779, 14.2906, -4.60659],
						"0.6667": [10.44814, 9.52707, -3.07106],
						"0.8333": [-2.14712, -0.34941, -2.02091],
						"1.0": [0, 0, 0]
					},
					"position": {
						"0.0": [0, -3, 0],
						"0.5": [0, 1.5, 0],
						"1.0": [0, 0, 0]
					},
					"scale": {
						"0.0": [0, 0.4, 0],
						"1.0": [1, 1, 1]
					}
				}
			}
		},
		"animation.fertile_dodo_egg.static": {
			"loop": true,
			"animation_length": 1.5,
			"override_previous_animation": true,
			"bones": {
				"Huevo": {
					"rotation": {
						"0.0": [0, 0, 0],
						"0.5": [-5, 7.5, 0],
						"1.0": [2.5, -6.25, 0],
						"1.5": [0, 0, 0]
					}
				}
			}
		}
	}
}