{"format_version":"1.8.0","animations":{"animation.mp5a5.item":{"loop":true,"bones":{"gun":{"rotation":[90,0,0],"position":[-5.5,13.8,-1.5],"scale":0.6},"acog":{"position":[0,4.1,-3]},"eotech":{"position":[0,4,-4]},"scope":{"position":[0,4,-4]},"silencer":{"position":[0,2.7,-25.6]},"grip":{"position":[0,-7,-12]}}},"animation.mp5a5.fpp_ads":{"loop":true,"bones":{"waist":{"rotation":[-0.2,0,0],"position":[3.03,"v.sight?0.65:1.25",0]}}},"animation.mp5a5.fpp_hold":{"loop":"hold_on_last_frame","animation_length":2,"anim_time_update":"q.anim_time+q.delta_time*0.1","bones":{"root":{"rotation":[0,180,0]},"leftArm":{"rotation":[-130.68551,23.90562,-23.75748],"position":[-4,-4.5,-7]},"rightArm":{"rotation":[-90,0,0],"position":[2.5,-1,3]},"body":{"rotation":["q.is_sneaking?0:math.sin(q.anim_time-q.life_time*100)*0.2","q.is_sneaking?0:math.cos(q.anim_time-q.life_time*200)*0.4","q.is_sneaking?0:math.cos(q.anim_time-q.life_time*80)*0.4"]}}},"animation.mp5a5.fpp_inspect":{"animation_length":1.25,"anim_time_update":"q.anim_time+q.delta_time*0.4","bones":{"body":{"rotation":{"0.0":[0,0,0],"0.125":[-17.5,-18.2,-35.8],"0.1875":[-17.5,-18.2,-38.2],"0.25":[-17.5,-18.2,-32.7],"0.3125":[-17.5,-18.2,-38.2],"0.5":[-17.5,-18.2,-38.2],"0.6875":[-26,-3,40.5],"0.75":[-26,-3,38],"0.8125":[-23.5,-3,45.5],"0.875":[-26,-3,38],"1.125":[-26,-3,38],"1.1875":[0,0,-2.5],"1.25":[0,0,0]},"position":{"0.0":[0,0,0],"0.125":[0,1,0],"0.1875":[0,0,0],"0.5":[0,0,0],"0.6875":[0,-3,0],"0.75":[0,-4,0],"1.125":[0,-4,0],"1.1875":[0,-1,2],"1.25":[0,0,0]}},"leftArm":{"rotation":{"0.0":[0,0,0],"0.1875":[40,10,"v.grip?20:50"],"0.5":[40,10,"v.grip?20:50"],"0.6875":[0,0,0],"1.125":[0,0,0],"1.25":[0,0,0]},"position":{"0.0":[0,0,0],"0.1875":[0,-19,0],"0.5":[0,-19,0],"0.6875":[0,0,0]}}},"sound_effects":{"0.0":{"effect":"gun_inspect_0"},"0.125":{"effect":"gun_inspect_1"},"0.6875":{"effect":"gun_inspect_2"},"1.125":{"effect":"gun_inspect_3"}}},"animation.mp5a5.fpp_reload":{"loop":"hold_on_last_frame","animation_length":2.1667,"bones":{"root":{"rotation":[0,180,0]},"leftArm":{"rotation":{"0.0":[-130.68551,23.90562,-23.75748],"0.125":[-85,60,50],"0.25":[-85,62.5,48.5],"0.375":[-80,62.5,48.5],"0.4583":[-80,62.5,48.5],"0.75":[-34,20,102],"1.5":[-34,20,102],"1.5417":[-34,22,102],"1.7083":[1,72,154],"1.7917":[-52.11096,59.7948,96.87011],"1.9167":[-90,51,54],"2.0":[-90,44,70],"2.125":[-130.68551,23.90562,-23.75748]},"position":{"0.0":[-4,-4.5,-7],"0.125":[-0.5,-2,-9.5],"0.25":[-0.5,-2,-7.5],"0.375":[-1,-1,-7.5],"0.4583":[-1,-1,-7.5],"0.75":[-1,-4,-5.5],"0.8333":[-1,-5,-5.5],"1.125":[-1,-18,-5.5],"1.5":[-1,-5,-5.5],"1.5417":[-1,-4.5,-5.5],"1.7083":[-2,-2.5,-6.5],"1.7917":[-2,-2.25,-6.5],"1.9167":[-1,-2.25,-7.5],"2.125":[-4,-4.5,-7]}},"rightArm":{"rotation":[-90,0,0],"position":[2.5,-1,3]},"body":{"rotation":{"0.0833":[0,0,0],"0.125":[0,0,-5],"0.25":[0,0,5],"0.3333":[0,0,"math.cos(q.anim_time*400)*10"],"0.75":[0,0,0],"0.875":[2.5,0,-15],"1.0417":["math.cos(q.anim_time*400)*10",0,0],"1.4583":[0,0,0],"1.5":[-2.5,0,0],"1.5833":["math.cos(q.anim_time*400)*10",0,0],"1.75":[0,0,0],"1.7917":[2,-0.2,5],"1.875":["math.cos(q.anim_time*400)*10",0,0],"2.0833":[0,0,0],"2.125":[0.25,0,0],"2.1667":[0,0,0]},"position":{"0.75":[0,0,0],"0.8333":[0,-1,0],"0.9583":[0,0,0],"1.4583":[0,0,0],"1.5":[0,0.1,0],"1.5833":[0,0,0],"1.75":[0,0,0],"1.7917":[0,-0.2,0],"1.875":[0,0,0],"2.0833":[0,0,0],"2.125":[0,0,0.25],"2.1667":[0,0,0]}},"waist":{"rotation":{"0.0":[0,0,0],"0.0833":[-6,-6,0],"1.0417":[-6,-6,0],"1.125":[-4,-6,-4],"1.5833":[-4,-6,-4],"1.7083":[2.5,0,-2.5],"1.9583":[2.5,0,-2.5],"2.0833":[0,0,0]},"position":{"1.0417":[0,0,0],"1.125":[0,1,0],"1.2083":[0,0,0]}},"pullBack":{"rotation":{"0.25":[0,0,0],"0.375":[0,0,-40],"1.75":[0,0,-40],"1.7917":[0,0,0]}},"mag":{"rotation":[0,0,0],"position":{"0.75":[0,0,0],"0.8333":[0,-2,0],"1.125":[0,-22,0],"1.5":[0,-1,0]}},"bulletCase":{"position":{"0.125":[0,0,0],"0.25":[0,0,3],"1.7917":[0,0,3],"1.875":[0,0,0]}}},"sound_effects":{"0.125":{"effect":"mp5a5_pullback"},"0.75":{"effect":"mp5a5_magout"},"1.125":{"effect":"gun_draw"},"1.4583":{"effect":"mp5a5_magin"},"1.7917":{"effect":"mp5a5_pullforward"}}},"animation.mp5a5.fpp_run":{"loop":true,"bones":{"waist":{"rotation":["-33+math.sin(q.anim_time*500)*6.25",-46,30],"position":["-8+math.sin(q.anim_time*500)","-3+math.sin(q.anim_time*1000)",-4]}}},"animation.mp5a5.fpp_run_tac":{"loop":true,"bones":{"body":{"rotation":["-60+math.sin(q.anim_time*550)*5",0,12],"position":[-2,"2+math.sin(q.anim_time*1100)","-2+math.sin(q.anim_time*550)"]},"leftArm":{"rotation":["10+math.sin(q.anim_time*550)*5",-40,"20+math.sin(q.anim_time*550)*5"],"position":[10,1,"15-math.sin(q.anim_time*550)*2"]},"rightArm":{"rotation":["math.sin(q.anim_time*550)*5","math.sin(q.anim_time*550)*5","math.sin(q.anim_time*550)*5"],"position":[1,-4,8]}}},"animation.mp5a5.fire":{"animation_length":0.4167,"blend_weight":"q.is_in_ui ? 0 : 1","bones":{"waist":{"rotation":{"0.0":["(q.is_sneaking)?0.5:-0.5","math.random(-0.05,0.05)","math.random(-0.05,0.05)"],"0.125":[0,0,0]},"position":{"0.0":[0,0,"v.is_first_person?((q.is_sneaking)?1:math.random(1,3)):math.random(0.1,0.3)"],"0.2083":[0,0,0]}},"trigger":{"position":{"0.0":[0,0,1],"0.1667":[0,0,0]}},"body":{"rotation":{"0.0":[0,0,0],"0.1667":[0,0,-0.5],"0.2917":[0,0.05,0.5],"0.375":[0,0,0]}},"sight":{"rotation":{"0.0":["-0.5","math.random(-0.05,0.05)","math.random(-0.05,0.05)"],"0.125":[0,0,0]},"position":{"0.0":[0,0,-1],"0.2083":[0,0,0]}},"bulletCase":{"position":{"0.0":[0,0,3],"0.125":[0,0,0]}}},"sound_effects":{"0.0417":{"effect":"bullet_eject_9mm"},"0.3333":{"effect":"bullet_bounce_9mm"}},"particle_effects":{"0.0":[{"effect":"muzzle_flash","locator":"mp5a5_muzzle","pre_effect_script":"v.size = 0.2; v.amount = 6; v.acceleration = 4;"},{"effect":"muzzle_lensflare","locator":"mp5a5_muzzle","pre_effect_script":"v.size = 5;"},{"effect":"muzzle_smoke_1","locator":"mp5a5_muzzle"},{"effect":"casing_short","locator":"mp5a5_case"}],"0.375":{"effect":"muzzle_hot","locator":"mp5a5_muzzle"}}},"animation.mp5a5.fire.silenced":{"animation_length":0.4167,"blend_weight":"q.is_in_ui ? 0 : 1","bones":{"waist":{"rotation":{"0.0":["(q.is_sneaking)?0.5:-0.5","math.random(-0.05,0.05)","math.random(-0.05,0.05)"],"0.125":[0,0,0]},"position":{"0.0":[0,0,"v.is_first_person?((q.is_sneaking)?1:math.random(1,3)):math.random(0.1,0.3)"],"0.2083":[0,0,0]}},"trigger":{"position":{"0.0":[0,0,1],"0.1667":[0,0,0]}},"body":{"rotation":{"0.0":[0,0,0],"0.1667":[0,0,-0.5],"0.2917":[0,0.05,0.5],"0.375":[0,0,0]}},"sight":{"rotation":{"0.0":["-0.5","math.random(-0.05,0.05)","math.random(-0.05,0.05)"],"0.125":[0,0,0]},"position":{"0.0":[0,0,-1],"0.2083":[0,0,0]}},"bulletCase":{"position":{"0.0":[0,0,3],"0.125":[0,0,0]}}},"sound_effects":{"0.0417":{"effect":"bullet_eject_9mm"},"0.3333":{"effect":"bullet_bounce_9mm"}},"particle_effects":{"0.0":[{"effect":"muzzle_smoke_1","locator":"silencer_muzzle"},{"effect":"casing_short","locator":"mp5a5_case"}],"0.375":{"effect":"muzzle_hot","locator":"silencer_muzzle"}}}}}