{"format_version":"1.8.0","animations":{"animation.rpg7.item":{"loop":true,"bones":{"gun":{"rotation":[90,0,0],"position":[-5.5,13.8,-1.4],"scale":0.6},"missile":{"scale":"v.is_reloading ? 1 : (q.property('gun:ammo') >= 1)"}}},"animation.rpg7.fpp_ads":{"loop":true,"bones":{"waist":{"rotation":[-0.2,0,0],"position":[3.8,0.8,0]}}},"animation.rpg7.fpp_hold":{"loop":"hold_on_last_frame","animation_length":2,"anim_time_update":"q.anim_time+q.delta_time*0.1","bones":{"root":{"rotation":[0,180,0]},"leftArm":{"rotation":[-40,2,118],"position":[-3.3,-2.7,-6.25]},"rightArm":{"rotation":[-90,0,0],"position":[0.5,0,2]},"body":{"rotation":["q.is_sneaking?0:math.sin(q.anim_time-q.life_time*100)*0.2","q.is_sneaking?0:math.cos(q.anim_time-q.life_time*200)*0.4","q.is_sneaking?0:math.cos(q.anim_time-q.life_time*80)*0.4"]}}},"animation.rpg7.fpp_reload":{"loop":"hold_on_last_frame","animation_length":5.2917,"bones":{"root":{"rotation":[0,180,0]},"leftArm":{"rotation":{"0.0":[-84,60,48],"0.2083":[-190,6,-47],"0.25":[-190,6,-47],"0.5":[-150,6,-44],"1.375":[-150,11,-40],"1.75":[-150,11,-40],"1.9167":[-130,46,-40],"3.125":[-130,46,-40],"3.2917":[-150,11,-52.5],"3.4167":[-150,11,-52.5],"3.5833":[-150,11,-100],"3.625":[-150,11,-100],"3.7083":[-150,11,-102.5],"3.7917":[-150,11,-100],"3.9167":[-150,6,-44],"4.125":[-190,6,-47],"4.1667":[-190,6,-47],"4.375":[-84,60,48]},"position":{"0.0":[-2.3,-4.2,-11],"0.125":[-2.3,-4.7,-11],"0.25":[-2.3,-1.2,-11],"0.5":[-2.3,2.8,-11],"1.5833":[-2.3,2.8,-11],"1.875":[1.7,-2.2,-6],"1.9583":[1.7,-2.2,-6],"2.0833":[2.7,-2.2,-6],"2.375":[6.99164,-11.42528,-6.68987],"2.6667":[6.99,-11.43,-6.69],"2.9167":[2.93706,-3.16814,-6.08062],"3.0417":[1.7,-2.2,-6],"3.1667":[1.7,-2.2,-6],"3.2917":[1.73795,-2.11099,-6.99531],"3.4167":[1.0135,0.79173,-6.77166],"3.5833":[-0.45295,6.59159,-6.32134],"3.625":[-0.45,6.59,-6.32],"3.7083":[-0.45,6.59,-6.32],"3.9167":[-2.3,2.8,-11],"4.125":[-2.3,-1.2,-11],"4.25":[-2.3,-4.7,-11],"4.375":[-2.3,-4.2,-11]}},"rightArm":{"rotation":[-90,0,0],"position":[1.5,-1,2]},"body":{"rotation":{"0.0":["math.sin(q.anim_time-q.life_time*100)*0.2","math.cos(q.anim_time-q.life_time*200)*0.4","math.cos(q.anim_time-q.life_time*260)*10"],"2.2083":["math.sin(q.anim_time-q.life_time*100)*0.4","math.cos(q.anim_time-q.life_time*200)*0.8","math.cos(q.anim_time-q.life_time*80)*0.8"],"3.5417":["math.sin(q.anim_time-q.life_time*100)*0.4","math.cos(q.anim_time-q.life_time*200)*0.8","math.cos(q.anim_time-q.life_time*80)*0.8"],"3.625":[0,0,-8],"3.75":["math.sin(q.anim_time-q.life_time*100)*0.4","math.cos(q.anim_time-q.life_time*200)*0.8","math.cos(q.anim_time-q.life_time*80)*0.8"],"4.0833":["math.sin(q.anim_time-q.life_time*100)*0.4","math.cos(q.anim_time-q.life_time*200)*0.8","math.cos(q.anim_time-q.life_time*80)*0.8"],"4.1667":[0,0,-8],"4.2917":["math.sin(q.anim_time-q.life_time*100)*0.4","math.cos(q.anim_time-q.life_time*200)*0.8","math.cos(q.anim_time-q.life_time*80)*0.8"],"4.625":["math.sin(q.anim_time-q.life_time*100)*0.4","math.cos(q.anim_time-q.life_time*200)*0.8","math.cos(q.anim_time-q.life_time*80)*0.8"],"4.7917":[-5,0,0],"4.9167":[-2.66,-0.08,4],"5.0417":["math.sin(q.anim_time-q.life_time*100)*0.4","math.cos(q.anim_time-q.life_time*200)*0.8","math.cos(q.anim_time-q.life_time*80)*0.8"]}},"waist":{"rotation":{"0.0":[0,0,0],"0.1667":[0,0,2],"0.25":[0,0,2],"0.5":[0,-2,2],"0.625":[2,0,5],"0.7083":[3,0,7],"0.875":[4,0,10],"0.9583":[5,0,13],"1.1667":[5,0,18],"1.2917":[5,2,19],"1.4167":[5,0,18],"1.5417":[5,2,19],"1.6667":[2,2,14],"1.7917":[-1,2,14],"1.9583":[2,2,14],"2.0417":[2,2,10],"2.0833":[2,2,10],"2.2083":[2,2,14],"2.75":[2,2,14],"2.9167":[2,2,10],"2.9583":[2,2,10],"3.0833":[2,2,6],"3.2083":[2,2,10],"4.75":[2,2,10],"4.9167":[0,0,0]},"position":{"0.0":[0,0,0],"0.125":[0,0,1],"0.5":[0.5,0,1],"0.625":[0.5,0.25,1],"0.7083":[0.5,0.75,1],"0.875":[0.5,0.2,1],"0.9583":[0.5,0.5,1],"1.1667":[0.5,1,1],"1.25":[0.5,0,1],"1.4167":[0.5,1,1],"1.5":[0.5,0,1],"1.6667":[0,-0.25,1.25],"1.7917":[0,-1,1.25],"1.9167":[0,0,1.25],"2.0833":[0,0,1.25],"2.1667":[0,-1,1.25],"2.375":[0,0,1.25],"2.75":[0,0,1.25],"2.9167":[0,0.25,1.25],"2.9583":[0,0.25,1.25],"3.0":[-0.15,0.25,1.25],"3.125":[0,0.25,1.25],"3.5417":[0,0.25,1.25],"3.625":[0,-0.25,1.25],"3.7917":[0,0.25,1.25],"4.0833":[0,0.25,1.25],"4.1667":[0,-0.25,1.25],"4.3333":[0,0.25,1.25],"4.625":[0,0.25,1.25],"4.7917":[0,-2,1.25],"5.0417":[0,0.25,1.25],"5.2917":[0,0,0]}},"rightArmExtra":{"rotation":{"4.4167":[0,0,0],"4.625":[-24,-16,6],"4.75":[-24,-6,6],"4.9583":[-24,-6,6],"5.0833":[-24,-16,6],"5.2917":[0,0,0]},"position":{"4.4167":[0,0,0],"4.625":[-2,-6,1],"4.75":[-2,-4,1],"4.9583":[-2,-4,1],"5.1667":[-2,-6,1],"5.2917":[0,0,0]}}}},"animation.rpg7.fpp_inspect":{"animation_length":1.25,"anim_time_update":"q.anim_time+q.delta_time*0.4","bones":{"body":{"rotation":{"0.0":[0,0,0],"0.125":[-17.5,-18.2,-35.8],"0.1875":[-17.5,-18.2,-38.2],"0.25":[-17.5,-18.2,-32.7],"0.3125":[-17.5,-18.2,-38.2],"0.5":[-17.5,-18.2,-38.2],"0.6875":[-26,-3,40.5],"0.75":[-26,-3,38],"0.8125":[-23.5,-3,45.5],"0.875":[-26,-3,38],"1.125":[-26,-3,38],"1.1875":[0,0,-2.5],"1.25":[0,0,0]},"position":{"0.0":[0,0,0],"0.125":[0,1,0],"0.1875":[0,0,0],"0.5":[0,0,0],"0.6875":[0,-3,0],"0.75":[0,-4,0],"1.125":[0,-4,0],"1.1875":[0,-1,2],"1.25":[0,0,0]}},"leftArm":{"rotation":{"0.0":[0,0,0],"0.1875":[40,10,50],"0.5":[40,10,50],"0.6875":[0,0,0],"1.125":[0,0,0],"1.25":[0,0,0]},"position":{"0.0":[0,0,0],"0.1875":[0,-19,0],"0.5":[0,-19,0],"0.6875":[0,0,0]}}},"sound_effects":{"0.0":{"effect":"gun_inspect_0"},"0.125":{"effect":"gun_inspect_1"},"0.6875":{"effect":"gun_inspect_2"},"1.125":{"effect":"gun_inspect_3"}}},"animation.rpg7.fpp_run":{"loop":true,"bones":{"waist":{"rotation":["-33+math.sin(q.anim_time*500)*6.25",-46,30],"position":["-8+math.sin(q.anim_time*500)","-3+math.sin(q.anim_time*1000)",-4]}}},"animation.rpg7.fire":{"animation_length":0.5,"blend_weight":"q.is_in_ui ? 0 : 1","bones":{"waist":{"rotation":{"0.0":["(q.is_sneaking)?math.random(-0.1,0.1):math.random(-1,1)","math.random(-0.05,0.05)","math.random(-0.05,0.05)"],"0.125":[0,0,0]},"position":{"0.0":[0,0,"v.is_first_person?((q.is_sneaking)?1:math.random(2,4)):math.random(0.2,0.4)"],"0.1667":[0,0,0]}},"sight":{"rotation":{"0.0":[-0.5,"math.random(-0.05,0.05)","math.random(-0.05,0.05)"],"0.125":[0,0,0]},"position":{"0.0":[0,0,-1],"0.2083":[0,0,0]}},"trigger":{"position":{"0.0":[0,0,1],"0.1667":[0,0,0]}},"body":{"rotation":{"0.0":[0,0,0],"0.1667":["(q.is_sneaking)?-0.25:-1","(q.is_sneaking)?0.5:2",0],"0.2917":["(q.is_sneaking)?0.25:1",0,0],"0.375":[0,0,0]}},"pullBack":{"position":{"0.0":[0,0,3.5],"0.125":[0,0,0]}},"sideHandleBase":{"rotation":{"0.0":[0,0,"math.random(2,8)"],"0.125":[0,0,0],"0.2083":[0,0,"math.random(2,8)"],"0.2917":[0,0,0]}},"ammo":{"rotation":{"0.0":[0,0,0],"0.0833":[0,0,-20],"0.25":[0,0,0]},"position":{"0.0":[0,0,0],"0.0833":[-0.4,0.7,0],"0.25":[0,0,0]}},"bullet_0":{"rotation":{"0.0":[0,0,0],"0.0833":[1,2,0],"0.1667":[-1,-1,0.5],"0.2917":[0,2,2],"0.375":[-1,-1,0.5]}},"bullet_1":{"rotation":{"0.0":[0,0,0],"0.0833":[1,2,0],"0.1667":[-1,-1,0.5],"0.2917":[0,2,2],"0.375":[-1,-1,0.5]}},"bullet_2":{"rotation":{"0.0":[0,0,0],"0.0833":[1,2,0],"0.1667":[-1,-1,0.5],"0.2917":[0,2,2],"0.375":[-1,-1,0.5]}},"bullet_3":{"rotation":{"0.0":[0,0,0],"0.0833":[1,2,0],"0.1667":[-1,-1,0.5],"0.2917":[0,2,2],"0.375":[-1,-1,0.5]}},"bullet_4":{"rotation":{"0.0":[0,0,0],"0.0833":[1,2,0],"0.1667":[-1,-1,0.5],"0.2917":[1,1,-6],"0.375":[-1,-1,0.5]}},"bullet_5":{"rotation":{"0.0":[0,0,0],"0.0833":[1,2,0],"0.1667":[-1,-1,0.5],"0.2917":[0,2,2],"0.375":[-1,-1,0.5]}},"bullet_6":{"rotation":{"0.0":[0,0,0],"0.0833":[1,2,0],"0.1667":[-1,-1,0.5],"0.2917":[0,2,2],"0.375":[-1,-1,0.5]}},"handler_0":{"rotation":{"0.0":[0,0,0],"0.0833":[-20,12,-2],"0.2083":[-15,17,-4],"0.3333":[0,0,0]}},"handler_1":{"rotation":{"0.0":[0,0,0],"0.0833":[-10,12,-2],"0.2083":[-15,17,-4],"0.3333":[0,0,0]}},"sideHandle":{"rotation":{"0.0417":[0,0,0],"0.125":["-math.random(4,10)",0,0],"0.25":[2.5,0,0],"0.3333":["-math.random(4,10)",0,0]}}}}}}